Code Domaine,Domaine,Code zone (FAO),Zone,Code Élément,Élément,Code Produit,Produit,Code année,Année,Unité,Valeur,Symbole,Description du Symbole
"CAHD","Coût et abordabilité d’une alimentation saine
 (CoAHD)","202","Afrique du Sud","6121","Valeur","7005","Percentage of the population unable to afford a healthy diet (percent)","2017","2017","%","65.2","E","Valeur estimée"
"CAHD","Coût et abordabilité d’une alimentation saine
 (CoAHD)","3","Albanie","6121","Valeur","7005","Percentage of the population unable to afford a healthy diet (percent)","2017","2017","%","37.8","E","Valeur estimée"
"CAHD","Coût et abordabilité d’une alimentation saine
 (CoAHD)","4","Algérie","6121","Valeur","7005","Percentage of the population unable to afford a healthy diet (percent)","2017","2017","%","35.2","E","Valeur estimée"
"CAHD","Coût et abordabilité d’une alimentation saine
 (CoAHD)","79","Allemagne","6121","Valeur","7005","Percentage of the population unable to afford a healthy diet (percent)","2017","2017","%","0.2","E","Valeur estimée"
"CAHD","Coût et abordabilité d’une alimentation saine
 (CoAHD)","7","Angola","6121","Valeur","7005","Percentage of the population unable to afford a healthy diet (percent)","2017","2017","%","92.9","E","Valeur estimée"
"CAHD","Coût et abordabilité d’une alimentation saine
 (CoAHD)","258","Anguilla","6121","Valeur","7005","Percentage of the population unable to afford a healthy diet (percent)","2017","2017","%","","O","Valeur manquante"
"CAHD","Coût et abordabilité d’une alimentation saine
 (CoAHD)","8","Antigua-et-Barbuda","6121","Valeur","7005","Percentage of the population unable to afford a healthy diet (percent)","2017","2017","%","","O","Valeur manquante"
"CAHD","Coût et abordabilité d’une alimentation saine
 (CoAHD)","194","Arabie saoudite","6121","Valeur","7005","Percentage of the population unable to afford a healthy diet (percent)","2017","2017","%","","O","Valeur manquante"
"CAHD","Coût et abordabilité d’une alimentation saine
 (CoAHD)","9","Argentine","6121","Valeur","7005","Percentage of the population unable to afford a healthy diet (percent)","2017","2017","%","11","E","Valeur estimée"
"CAHD","Coût et abordabilité d’une alimentation saine
 (CoAHD)","1","Arménie","6121","Valeur","7005","Percentage of the population unable to afford a healthy diet (percent)","2017","2017","%","40.9","E","Valeur estimée"
"CAHD","Coût et abordabilité d’une alimentation saine
 (CoAHD)","22","Aruba","6121","Valeur","7005","Percentage of the population unable to afford a healthy diet (percent)","2017","2017","%","","O","Valeur manquante"
"CAHD","Coût et abordabilité d’une alimentation saine
 (CoAHD)","10","Australie","6121","Valeur","7005","Percentage of the population unable to afford a healthy diet (percent)","2017","2017","%","0.7","E","Valeur estimée"
"CAHD","Coût et abordabilité d’une alimentation saine
 (CoAHD)","11","Autriche","6121","Valeur","7005","Percentage of the population unable to afford a healthy diet (percent)","2017","2017","%","0.6","E","Valeur estimée"
"CAHD","Coût et abordabilité d’une alimentation saine
 (CoAHD)","52","Azerbaïdjan","6121","Valeur","7005","Percentage of the population unable to afford a healthy diet (percent)","2017","2017","%","0","E","Valeur estimée"
"CAHD","Coût et abordabilité d’une alimentation saine
 (CoAHD)","12","Bahamas","6121","Valeur","7005","Percentage of the population unable to afford a healthy diet (percent)","2017","2017","%","","O","Valeur manquante"
"CAHD","Coût et abordabilité d’une alimentation saine
 (CoAHD)","13","Bahreïn","6121","Valeur","7005","Percentage of the population unable to afford a healthy diet (percent)","2017","2017","%","","O","Valeur manquante"
"CAHD","Coût et abordabilité d’une alimentation saine
 (CoAHD)","16","Bangladesh","6121","Valeur","7005","Percentage of the population unable to afford a healthy diet (percent)","2017","2017","%","77.4","E","Valeur estimée"
"CAHD","Coût et abordabilité d’une alimentation saine
 (CoAHD)","57","Bélarus","6121","Valeur","7005","Percentage of the population unable to afford a healthy diet (percent)","2017","2017","%","0.8","E","Valeur estimée"
"CAHD","Coût et abordabilité d’une alimentation saine
 (CoAHD)","255","Belgique","6121","Valeur","7005","Percentage of the population unable to afford a healthy diet (percent)","2017","2017","%","0.3","E","Valeur estimée"
"CAHD","Coût et abordabilité d’une alimentation saine
 (CoAHD)","23","Belize","6121","Valeur","7005","Percentage of the population unable to afford a healthy diet (percent)","2017","2017","%","39.4","E","Valeur estimée"
"CAHD","Coût et abordabilité d’une alimentation saine
 (CoAHD)","53","Bénin","6121","Valeur","7005","Percentage of the population unable to afford a healthy diet (percent)","2017","2017","%","90.7","E","Valeur estimée"
"CAHD","Coût et abordabilité d’une alimentation saine
 (CoAHD)","17","Bermudes","6121","Valeur","7005","Percentage of the population unable to afford a healthy diet (percent)","2017","2017","%","","O","Valeur manquante"
"CAHD","Coût et abordabilité d’une alimentation saine
 (CoAHD)","18","Bhoutan","6121","Valeur","7005","Percentage of the population unable to afford a healthy diet (percent)","2017","2017","%","57.6","E","Valeur estimée"
"CAHD","Coût et abordabilité d’une alimentation saine
 (CoAHD)","19","Bolivie (État plurinational de)","6121","Valeur","7005","Percentage of the population unable to afford a healthy diet (percent)","2017","2017","%","30.2","E","Valeur estimée"
"CAHD","Coût et abordabilité d’une alimentation saine
 (CoAHD)","80","Bosnie-Herzégovine","6121","Valeur","7005","Percentage of the population unable to afford a healthy diet (percent)","2017","2017","%","4.6","E","Valeur estimée"
"CAHD","Coût et abordabilité d’une alimentation saine
 (CoAHD)","20","Botswana","6121","Valeur","7005","Percentage of the population unable to afford a healthy diet (percent)","2017","2017","%","63.8","E","Valeur estimée"
"CAHD","Coût et abordabilité d’une alimentation saine
 (CoAHD)","21","Brésil","6121","Valeur","7005","Percentage of the population unable to afford a healthy diet (percent)","2017","2017","%","18.3","E","Valeur estimée"
"CAHD","Coût et abordabilité d’une alimentation saine
 (CoAHD)","26","Brunéi Darussalam","6121","Valeur","7005","Percentage of the population unable to afford a healthy diet (percent)","2017","2017","%","","O","Valeur manquante"
"CAHD","Coût et abordabilité d’une alimentation saine
 (CoAHD)","27","Bulgarie","6121","Valeur","7005","Percentage of the population unable to afford a healthy diet (percent)","2017","2017","%","11.3","E","Valeur estimée"
"CAHD","Coût et abordabilité d’une alimentation saine
 (CoAHD)","233","Burkina Faso","6121","Valeur","7005","Percentage of the population unable to afford a healthy diet (percent)","2017","2017","%","85.1","E","Valeur estimée"
"CAHD","Coût et abordabilité d’une alimentation saine
 (CoAHD)","29","Burundi","6121","Valeur","7005","Percentage of the population unable to afford a healthy diet (percent)","2017","2017","%","97.5","E","Valeur estimée"
"CAHD","Coût et abordabilité d’une alimentation saine
 (CoAHD)","35","Cabo Verde","6121","Valeur","7005","Percentage of the population unable to afford a healthy diet (percent)","2017","2017","%","42.1","E","Valeur estimée"
"CAHD","Coût et abordabilité d’une alimentation saine
 (CoAHD)","115","Cambodge","6121","Valeur","7005","Percentage of the population unable to afford a healthy diet (percent)","2017","2017","%","","O","Valeur manquante"
"CAHD","Coût et abordabilité d’une alimentation saine
 (CoAHD)","32","Cameroun","6121","Valeur","7005","Percentage of the population unable to afford a healthy diet (percent)","2017","2017","%","60.9","E","Valeur estimée"
"CAHD","Coût et abordabilité d’une alimentation saine
 (CoAHD)","33","Canada","6121","Valeur","7005","Percentage of the population unable to afford a healthy diet (percent)","2017","2017","%","0.7","E","Valeur estimée"
"CAHD","Coût et abordabilité d’une alimentation saine
 (CoAHD)","40","Chili","6121","Valeur","7005","Percentage of the population unable to afford a healthy diet (percent)","2017","2017","%","3.4","E","Valeur estimée"
"CAHD","Coût et abordabilité d’une alimentation saine
 (CoAHD)","96","Chine - RAS de Hong-Kong","6121","Valeur","7005","Percentage of the population unable to afford a healthy diet (percent)","2017","2017","%","","O","Valeur manquante"
"CAHD","Coût et abordabilité d’une alimentation saine
 (CoAHD)","41","Chine, continentale","6121","Valeur","7005","Percentage of the population unable to afford a healthy diet (percent)","2017","2017","%","14.3","E","Valeur estimée"
"CAHD","Coût et abordabilité d’une alimentation saine
 (CoAHD)","214","Chine, Taiwan Province de","6121","Valeur","7005","Percentage of the population unable to afford a healthy diet (percent)","2017","2017","%","0.2","E","Valeur estimée"
"CAHD","Coût et abordabilité d’une alimentation saine
 (CoAHD)","50","Chypre","6121","Valeur","7005","Percentage of the population unable to afford a healthy diet (percent)","2017","2017","%","0.1","E","Valeur estimée"
"CAHD","Coût et abordabilité d’une alimentation saine
 (CoAHD)","44","Colombie","6121","Valeur","7005","Percentage of the population unable to afford a healthy diet (percent)","2017","2017","%","24.7","E","Valeur estimée"
"CAHD","Coût et abordabilité d’une alimentation saine
 (CoAHD)","46","Congo","6121","Valeur","7005","Percentage of the population unable to afford a healthy diet (percent)","2017","2017","%","91.6","E","Valeur estimée"
"CAHD","Coût et abordabilité d’une alimentation saine
 (CoAHD)","48","Costa Rica","6121","Valeur","7005","Percentage of the population unable to afford a healthy diet (percent)","2017","2017","%","16.2","E","Valeur estimée"
"CAHD","Coût et abordabilité d’une alimentation saine
 (CoAHD)","107","Côte d'Ivoire","6121","Valeur","7005","Percentage of the population unable to afford a healthy diet (percent)","2017","2017","%","76.5","E","Valeur estimée"
"CAHD","Coût et abordabilité d’une alimentation saine
 (CoAHD)","98","Croatie","6121","Valeur","7005","Percentage of the population unable to afford a healthy diet (percent)","2017","2017","%","7.2","E","Valeur estimée"
"CAHD","Coût et abordabilité d’une alimentation saine
 (CoAHD)","279","Curaçao","6121","Valeur","7005","Percentage of the population unable to afford a healthy diet (percent)","2017","2017","%","","O","Valeur manquante"
"CAHD","Coût et abordabilité d’une alimentation saine
 (CoAHD)","54","Danemark","6121","Valeur","7005","Percentage of the population unable to afford a healthy diet (percent)","2017","2017","%","0.2","E","Valeur estimée"
"CAHD","Coût et abordabilité d’une alimentation saine
 (CoAHD)","72","Djibouti","6121","Valeur","7005","Percentage of the population unable to afford a healthy diet (percent)","2017","2017","%","64.6","E","Valeur estimée"
"CAHD","Coût et abordabilité d’une alimentation saine
 (CoAHD)","55","Dominique","6121","Valeur","7005","Percentage of the population unable to afford a healthy diet (percent)","2017","2017","%","","O","Valeur manquante"
"CAHD","Coût et abordabilité d’une alimentation saine
 (CoAHD)","59","Égypte","6121","Valeur","7005","Percentage of the population unable to afford a healthy diet (percent)","2017","2017","%","76.2","E","Valeur estimée"
"CAHD","Coût et abordabilité d’une alimentation saine
 (CoAHD)","225","Émirats arabes unis","6121","Valeur","7005","Percentage of the population unable to afford a healthy diet (percent)","2017","2017","%","0","E","Valeur estimée"
"CAHD","Coût et abordabilité d’une alimentation saine
 (CoAHD)","58","Équateur","6121","Valeur","7005","Percentage of the population unable to afford a healthy diet (percent)","2017","2017","%","18.9","E","Valeur estimée"
"CAHD","Coût et abordabilité d’une alimentation saine
 (CoAHD)","203","Espagne","6121","Valeur","7005","Percentage of the population unable to afford a healthy diet (percent)","2017","2017","%","1.9","E","Valeur estimée"
"CAHD","Coût et abordabilité d’une alimentation saine
 (CoAHD)","63","Estonie","6121","Valeur","7005","Percentage of the population unable to afford a healthy diet (percent)","2017","2017","%","1","E","Valeur estimée"
"CAHD","Coût et abordabilité d’une alimentation saine
 (CoAHD)","209","Eswatini","6121","Valeur","7005","Percentage of the population unable to afford a healthy diet (percent)","2017","2017","%","74.8","E","Valeur estimée"
"CAHD","Coût et abordabilité d’une alimentation saine
 (CoAHD)","231","États-Unis d'Amérique","6121","Valeur","7005","Percentage of the population unable to afford a healthy diet (percent)","2017","2017","%","2","E","Valeur estimée"
"CAHD","Coût et abordabilité d’une alimentation saine
 (CoAHD)","238","Éthiopie","6121","Valeur","7005","Percentage of the population unable to afford a healthy diet (percent)","2017","2017","%","88.3","E","Valeur estimée"
"CAHD","Coût et abordabilité d’une alimentation saine
 (CoAHD)","185","Fédération de Russie","6121","Valeur","7005","Percentage of the population unable to afford a healthy diet (percent)","2017","2017","%","4","E","Valeur estimée"
"CAHD","Coût et abordabilité d’une alimentation saine
 (CoAHD)","66","Fidji","6121","Valeur","7005","Percentage of the population unable to afford a healthy diet (percent)","2017","2017","%","51.5","E","Valeur estimée"
"CAHD","Coût et abordabilité d’une alimentation saine
 (CoAHD)","67","Finlande","6121","Valeur","7005","Percentage of the population unable to afford a healthy diet (percent)","2017","2017","%","0.1","E","Valeur estimée"
"CAHD","Coût et abordabilité d’une alimentation saine
 (CoAHD)","68","France","6121","Valeur","7005","Percentage of the population unable to afford a healthy diet (percent)","2017","2017","%","0.1","E","Valeur estimée"
"CAHD","Coût et abordabilité d’une alimentation saine
 (CoAHD)","74","Gabon","6121","Valeur","7005","Percentage of the population unable to afford a healthy diet (percent)","2017","2017","%","36","E","Valeur estimée"
"CAHD","Coût et abordabilité d’une alimentation saine
 (CoAHD)","75","Gambie","6121","Valeur","7005","Percentage of the population unable to afford a healthy diet (percent)","2017","2017","%","69.2","E","Valeur estimée"
"CAHD","Coût et abordabilité d’une alimentation saine
 (CoAHD)","81","Ghana","6121","Valeur","7005","Percentage of the population unable to afford a healthy diet (percent)","2017","2017","%","64.4","E","Valeur estimée"
"CAHD","Coût et abordabilité d’une alimentation saine
 (CoAHD)","84","Grèce","6121","Valeur","7005","Percentage of the population unable to afford a healthy diet (percent)","2017","2017","%","4.3","E","Valeur estimée"
"CAHD","Coût et abordabilité d’une alimentation saine
 (CoAHD)","86","Grenade","6121","Valeur","7005","Percentage of the population unable to afford a healthy diet (percent)","2017","2017","%","","O","Valeur manquante"
"CAHD","Coût et abordabilité d’une alimentation saine
 (CoAHD)","90","Guinée","6121","Valeur","7005","Percentage of the population unable to afford a healthy diet (percent)","2017","2017","%","94.3","E","Valeur estimée"
"CAHD","Coût et abordabilité d’une alimentation saine
 (CoAHD)","61","Guinée équatoriale","6121","Valeur","7005","Percentage of the population unable to afford a healthy diet (percent)","2017","2017","%","","O","Valeur manquante"
"CAHD","Coût et abordabilité d’une alimentation saine
 (CoAHD)","175","Guinée-Bissau","6121","Valeur","7005","Percentage of the population unable to afford a healthy diet (percent)","2017","2017","%","87.4","E","Valeur estimée"
"CAHD","Coût et abordabilité d’une alimentation saine
 (CoAHD)","91","Guyana","6121","Valeur","7005","Percentage of the population unable to afford a healthy diet (percent)","2017","2017","%","47.8","E","Valeur estimée"
"CAHD","Coût et abordabilité d’une alimentation saine
 (CoAHD)","93","Haïti","6121","Valeur","7005","Percentage of the population unable to afford a healthy diet (percent)","2017","2017","%","82.7","E","Valeur estimée"
"CAHD","Coût et abordabilité d’une alimentation saine
 (CoAHD)","95","Honduras","6121","Valeur","7005","Percentage of the population unable to afford a healthy diet (percent)","2017","2017","%","53.7","E","Valeur estimée"
"CAHD","Coût et abordabilité d’une alimentation saine
 (CoAHD)","97","Hongrie","6121","Valeur","7005","Percentage of the population unable to afford a healthy diet (percent)","2017","2017","%","3.3","E","Valeur estimée"
"CAHD","Coût et abordabilité d’une alimentation saine
 (CoAHD)","36","Îles Caïmanes","6121","Valeur","7005","Percentage of the population unable to afford a healthy diet (percent)","2017","2017","%","","O","Valeur manquante"
"CAHD","Coût et abordabilité d’une alimentation saine
 (CoAHD)","224","Îles Turques-et-Caïques","6121","Valeur","7005","Percentage of the population unable to afford a healthy diet (percent)","2017","2017","%","","O","Valeur manquante"
"CAHD","Coût et abordabilité d’une alimentation saine
 (CoAHD)","239","Îles Vierges britanniques","6121","Valeur","7005","Percentage of the population unable to afford a healthy diet (percent)","2017","2017","%","","O","Valeur manquante"
"CAHD","Coût et abordabilité d’une alimentation saine
 (CoAHD)","100","Inde","6121","Valeur","7005","Percentage of the population unable to afford a healthy diet (percent)","2017","2017","%","74.9","E","Valeur estimée"
"CAHD","Coût et abordabilité d’une alimentation saine
 (CoAHD)","101","Indonésie","6121","Valeur","7005","Percentage of the population unable to afford a healthy diet (percent)","2017","2017","%","70.7","E","Valeur estimée"
"CAHD","Coût et abordabilité d’une alimentation saine
 (CoAHD)","102","Iran (République islamique d')","6121","Valeur","7005","Percentage of the population unable to afford a healthy diet (percent)","2017","2017","%","12","E","Valeur estimée"
"CAHD","Coût et abordabilité d’une alimentation saine
 (CoAHD)","103","Iraq","6121","Valeur","7005","Percentage of the population unable to afford a healthy diet (percent)","2017","2017","%","53.3","E","Valeur estimée"
"CAHD","Coût et abordabilité d’une alimentation saine
 (CoAHD)","104","Irlande","6121","Valeur","7005","Percentage of the population unable to afford a healthy diet (percent)","2017","2017","%","0.3","E","Valeur estimée"
"CAHD","Coût et abordabilité d’une alimentation saine
 (CoAHD)","99","Islande","6121","Valeur","7005","Percentage of the population unable to afford a healthy diet (percent)","2017","2017","%","0","E","Valeur estimée"
"CAHD","Coût et abordabilité d’une alimentation saine
 (CoAHD)","105","Israël","6121","Valeur","7005","Percentage of the population unable to afford a healthy diet (percent)","2017","2017","%","1.7","E","Valeur estimée"
"CAHD","Coût et abordabilité d’une alimentation saine
 (CoAHD)","106","Italie","6121","Valeur","7005","Percentage of the population unable to afford a healthy diet (percent)","2017","2017","%","2.9","E","Valeur estimée"
"CAHD","Coût et abordabilité d’une alimentation saine
 (CoAHD)","109","Jamaïque","6121","Valeur","7005","Percentage of the population unable to afford a healthy diet (percent)","2017","2017","%","64.7","E","Valeur estimée"
"CAHD","Coût et abordabilité d’une alimentation saine
 (CoAHD)","110","Japon","6121","Valeur","7005","Percentage of the population unable to afford a healthy diet (percent)","2017","2017","%","2.5","E","Valeur estimée"
"CAHD","Coût et abordabilité d’une alimentation saine
 (CoAHD)","112","Jordanie","6121","Valeur","7005","Percentage of the population unable to afford a healthy diet (percent)","2017","2017","%","15.8","E","Valeur estimée"
"CAHD","Coût et abordabilité d’une alimentation saine
 (CoAHD)","108","Kazakhstan","6121","Valeur","7005","Percentage of the population unable to afford a healthy diet (percent)","2017","2017","%","1.5","E","Valeur estimée"
"CAHD","Coût et abordabilité d’une alimentation saine
 (CoAHD)","114","Kenya","6121","Valeur","7005","Percentage of the population unable to afford a healthy diet (percent)","2017","2017","%","83.5","E","Valeur estimée"
"CAHD","Coût et abordabilité d’une alimentation saine
 (CoAHD)","113","Kirghizistan","6121","Valeur","7005","Percentage of the population unable to afford a healthy diet (percent)","2017","2017","%","56.6","E","Valeur estimée"
"CAHD","Coût et abordabilité d’une alimentation saine
 (CoAHD)","118","Koweït","6121","Valeur","7005","Percentage of the population unable to afford a healthy diet (percent)","2017","2017","%","","O","Valeur manquante"
"CAHD","Coût et abordabilité d’une alimentation saine
 (CoAHD)","122","Lesotho","6121","Valeur","7005","Percentage of the population unable to afford a healthy diet (percent)","2017","2017","%","80.2","E","Valeur estimée"
"CAHD","Coût et abordabilité d’une alimentation saine
 (CoAHD)","119","Lettonie","6121","Valeur","7005","Percentage of the population unable to afford a healthy diet (percent)","2017","2017","%","3.4","E","Valeur estimée"
"CAHD","Coût et abordabilité d’une alimentation saine
 (CoAHD)","123","Libéria","6121","Valeur","7005","Percentage of the population unable to afford a healthy diet (percent)","2017","2017","%","97.1","E","Valeur estimée"
"CAHD","Coût et abordabilité d’une alimentation saine
 (CoAHD)","126","Lituanie","6121","Valeur","7005","Percentage of the population unable to afford a healthy diet (percent)","2017","2017","%","3.6","E","Valeur estimée"
"CAHD","Coût et abordabilité d’une alimentation saine
 (CoAHD)","256","Luxembourg","6121","Valeur","7005","Percentage of the population unable to afford a healthy diet (percent)","2017","2017","%","0.4","E","Valeur estimée"
"CAHD","Coût et abordabilité d’une alimentation saine
 (CoAHD)","154","Macédoine du Nord","6121","Valeur","7005","Percentage of the population unable to afford a healthy diet (percent)","2017","2017","%","21.8","E","Valeur estimée"
"CAHD","Coût et abordabilité d’une alimentation saine
 (CoAHD)","129","Madagascar","6121","Valeur","7005","Percentage of the population unable to afford a healthy diet (percent)","2017","2017","%","97.1","E","Valeur estimée"
"CAHD","Coût et abordabilité d’une alimentation saine
 (CoAHD)","131","Malaisie","6121","Valeur","7005","Percentage of the population unable to afford a healthy diet (percent)","2017","2017","%","2.6","E","Valeur estimée"
"CAHD","Coût et abordabilité d’une alimentation saine
 (CoAHD)","130","Malawi","6121","Valeur","7005","Percentage of the population unable to afford a healthy diet (percent)","2017","2017","%","95.5","E","Valeur estimée"
"CAHD","Coût et abordabilité d’une alimentation saine
 (CoAHD)","132","Maldives","6121","Valeur","7005","Percentage of the population unable to afford a healthy diet (percent)","2017","2017","%","4.2","E","Valeur estimée"
"CAHD","Coût et abordabilité d’une alimentation saine
 (CoAHD)","133","Mali","6121","Valeur","7005","Percentage of the population unable to afford a healthy diet (percent)","2017","2017","%","80.1","E","Valeur estimée"
"CAHD","Coût et abordabilité d’une alimentation saine
 (CoAHD)","134","Malte","6121","Valeur","7005","Percentage of the population unable to afford a healthy diet (percent)","2017","2017","%","0.3","E","Valeur estimée"
"CAHD","Coût et abordabilité d’une alimentation saine
 (CoAHD)","143","Maroc","6121","Valeur","7005","Percentage of the population unable to afford a healthy diet (percent)","2017","2017","%","18.9","E","Valeur estimée"
"CAHD","Coût et abordabilité d’une alimentation saine
 (CoAHD)","137","Maurice","6121","Valeur","7005","Percentage of the population unable to afford a healthy diet (percent)","2017","2017","%","14.8","E","Valeur estimée"
"CAHD","Coût et abordabilité d’une alimentation saine
 (CoAHD)","136","Mauritanie","6121","Valeur","7005","Percentage of the population unable to afford a healthy diet (percent)","2017","2017","%","62.9","E","Valeur estimée"
"CAHD","Coût et abordabilité d’une alimentation saine
 (CoAHD)","138","Mexique","6121","Valeur","7005","Percentage of the population unable to afford a healthy diet (percent)","2017","2017","%","26.1","E","Valeur estimée"
"CAHD","Coût et abordabilité d’une alimentation saine
 (CoAHD)","141","Mongolie","6121","Valeur","7005","Percentage of the population unable to afford a healthy diet (percent)","2017","2017","%","55.3","E","Valeur estimée"
"CAHD","Coût et abordabilité d’une alimentation saine
 (CoAHD)","273","Monténégro","6121","Valeur","7005","Percentage of the population unable to afford a healthy diet (percent)","2017","2017","%","17.4","E","Valeur estimée"
"CAHD","Coût et abordabilité d’une alimentation saine
 (CoAHD)","142","Montserrat","6121","Valeur","7005","Percentage of the population unable to afford a healthy diet (percent)","2017","2017","%","","O","Valeur manquante"
"CAHD","Coût et abordabilité d’une alimentation saine
 (CoAHD)","144","Mozambique","6121","Valeur","7005","Percentage of the population unable to afford a healthy diet (percent)","2017","2017","%","91.3","E","Valeur estimée"
"CAHD","Coût et abordabilité d’une alimentation saine
 (CoAHD)","28","Myanmar","6121","Valeur","7005","Percentage of the population unable to afford a healthy diet (percent)","2017","2017","%","68.1","E","Valeur estimée"
"CAHD","Coût et abordabilité d’une alimentation saine
 (CoAHD)","147","Namibie","6121","Valeur","7005","Percentage of the population unable to afford a healthy diet (percent)","2017","2017","%","54.4","E","Valeur estimée"
"CAHD","Coût et abordabilité d’une alimentation saine
 (CoAHD)","149","Népal","6121","Valeur","7005","Percentage of the population unable to afford a healthy diet (percent)","2017","2017","%","86.8","E","Valeur estimée"
"CAHD","Coût et abordabilité d’une alimentation saine
 (CoAHD)","157","Nicaragua","6121","Valeur","7005","Percentage of the population unable to afford a healthy diet (percent)","2017","2017","%","32.2","E","Valeur estimée"
"CAHD","Coût et abordabilité d’une alimentation saine
 (CoAHD)","158","Niger","6121","Valeur","7005","Percentage of the population unable to afford a healthy diet (percent)","2017","2017","%","91.1","E","Valeur estimée"
"CAHD","Coût et abordabilité d’une alimentation saine
 (CoAHD)","159","Nigéria","6121","Valeur","7005","Percentage of the population unable to afford a healthy diet (percent)","2017","2017","%","94.1","E","Valeur estimée"
"CAHD","Coût et abordabilité d’une alimentation saine
 (CoAHD)","162","Norvège","6121","Valeur","7005","Percentage of the population unable to afford a healthy diet (percent)","2017","2017","%","0.5","E","Valeur estimée"
"CAHD","Coût et abordabilité d’une alimentation saine
 (CoAHD)","156","Nouvelle-Zélande","6121","Valeur","7005","Percentage of the population unable to afford a healthy diet (percent)","2017","2017","%","","O","Valeur manquante"
"CAHD","Coût et abordabilité d’une alimentation saine
 (CoAHD)","221","Oman","6121","Valeur","7005","Percentage of the population unable to afford a healthy diet (percent)","2017","2017","%","","O","Valeur manquante"
"CAHD","Coût et abordabilité d’une alimentation saine
 (CoAHD)","226","Ouganda","6121","Valeur","7005","Percentage of the population unable to afford a healthy diet (percent)","2017","2017","%","84.8","E","Valeur estimée"
"CAHD","Coût et abordabilité d’une alimentation saine
 (CoAHD)","165","Pakistan","6121","Valeur","7005","Percentage of the population unable to afford a healthy diet (percent)","2017","2017","%","79.7","E","Valeur estimée"
"CAHD","Coût et abordabilité d’une alimentation saine
 (CoAHD)","299","Palestine","6121","Valeur","7005","Percentage of the population unable to afford a healthy diet (percent)","2017","2017","%","25.4","E","Valeur estimée"
"CAHD","Coût et abordabilité d’une alimentation saine
 (CoAHD)","166","Panama","6121","Valeur","7005","Percentage of the population unable to afford a healthy diet (percent)","2017","2017","%","21.1","E","Valeur estimée"
"CAHD","Coût et abordabilité d’une alimentation saine
 (CoAHD)","169","Paraguay","6121","Valeur","7005","Percentage of the population unable to afford a healthy diet (percent)","2017","2017","%","20.1","E","Valeur estimée"
"CAHD","Coût et abordabilité d’une alimentation saine
 (CoAHD)","150","Pays-Bas (Royaume des)","6121","Valeur","7005","Percentage of the population unable to afford a healthy diet (percent)","2017","2017","%","0.4","E","Valeur estimée"
"CAHD","Coût et abordabilité d’une alimentation saine
 (CoAHD)","170","Pérou","6121","Valeur","7005","Percentage of the population unable to afford a healthy diet (percent)","2017","2017","%","23.7","E","Valeur estimée"
"CAHD","Coût et abordabilité d’une alimentation saine
 (CoAHD)","171","Philippines","6121","Valeur","7005","Percentage of the population unable to afford a healthy diet (percent)","2017","2017","%","71","E","Valeur estimée"
"CAHD","Coût et abordabilité d’une alimentation saine
 (CoAHD)","173","Pologne","6121","Valeur","7005","Percentage of the population unable to afford a healthy diet (percent)","2017","2017","%","1","E","Valeur estimée"
"CAHD","Coût et abordabilité d’une alimentation saine
 (CoAHD)","174","Portugal","6121","Valeur","7005","Percentage of the population unable to afford a healthy diet (percent)","2017","2017","%","1.1","E","Valeur estimée"
"CAHD","Coût et abordabilité d’une alimentation saine
 (CoAHD)","179","Qatar","6121","Valeur","7005","Percentage of the population unable to afford a healthy diet (percent)","2017","2017","%","","O","Valeur manquante"
"CAHD","Coût et abordabilité d’une alimentation saine
 (CoAHD)","37","République centrafricaine","6121","Valeur","7005","Percentage of the population unable to afford a healthy diet (percent)","2017","2017","%","95.4","E","Valeur estimée"
"CAHD","Coût et abordabilité d’une alimentation saine
 (CoAHD)","117","République de Corée","6121","Valeur","7005","Percentage of the population unable to afford a healthy diet (percent)","2017","2017","%","1.7","E","Valeur estimée"
"CAHD","Coût et abordabilité d’une alimentation saine
 (CoAHD)","146","République de Moldova","6121","Valeur","7005","Percentage of the population unable to afford a healthy diet (percent)","2017","2017","%","5.9","E","Valeur estimée"
"CAHD","Coût et abordabilité d’une alimentation saine
 (CoAHD)","250","République démocratique du Congo","6121","Valeur","7005","Percentage of the population unable to afford a healthy diet (percent)","2017","2017","%","96.4","E","Valeur estimée"
"CAHD","Coût et abordabilité d’une alimentation saine
 (CoAHD)","120","République démocratique populaire lao","6121","Valeur","7005","Percentage of the population unable to afford a healthy diet (percent)","2017","2017","%","80.6","E","Valeur estimée"
"CAHD","Coût et abordabilité d’une alimentation saine
 (CoAHD)","56","République dominicaine","6121","Valeur","7005","Percentage of the population unable to afford a healthy diet (percent)","2017","2017","%","21.2","E","Valeur estimée"
"CAHD","Coût et abordabilité d’une alimentation saine
 (CoAHD)","215","République-Unie de Tanzanie","6121","Valeur","7005","Percentage of the population unable to afford a healthy diet (percent)","2017","2017","%","88.7","E","Valeur estimée"
"CAHD","Coût et abordabilité d’une alimentation saine
 (CoAHD)","183","Roumanie","6121","Valeur","7005","Percentage of the population unable to afford a healthy diet (percent)","2017","2017","%","11.9","E","Valeur estimée"
"CAHD","Coût et abordabilité d’une alimentation saine
 (CoAHD)","229","Royaume-Uni de Grande-Bretagne et d'Irlande du Nord","6121","Valeur","7005","Percentage of the population unable to afford a healthy diet (percent)","2017","2017","%","0.5","E","Valeur estimée"
"CAHD","Coût et abordabilité d’une alimentation saine
 (CoAHD)","184","Rwanda","6121","Valeur","7005","Percentage of the population unable to afford a healthy diet (percent)","2017","2017","%","89","E","Valeur estimée"
"CAHD","Coût et abordabilité d’une alimentation saine
 (CoAHD)","189","Sainte-Lucie","6121","Valeur","7005","Percentage of the population unable to afford a healthy diet (percent)","2017","2017","%","20.2","E","Valeur estimée"
"CAHD","Coût et abordabilité d’une alimentation saine
 (CoAHD)","188","Saint-Kitts-et-Nevis","6121","Valeur","7005","Percentage of the population unable to afford a healthy diet (percent)","2017","2017","%","","O","Valeur manquante"
"CAHD","Coût et abordabilité d’une alimentation saine
 (CoAHD)","191","Saint-Vincent-et-les Grenadines","6121","Valeur","7005","Percentage of the population unable to afford a healthy diet (percent)","2017","2017","%","","O","Valeur manquante"
"CAHD","Coût et abordabilité d’une alimentation saine
 (CoAHD)","193","Sao Tomé-et-Principe","6121","Valeur","7005","Percentage of the population unable to afford a healthy diet (percent)","2017","2017","%","84.4","E","Valeur estimée"
"CAHD","Coût et abordabilité d’une alimentation saine
 (CoAHD)","195","Sénégal","6121","Valeur","7005","Percentage of the population unable to afford a healthy diet (percent)","2017","2017","%","53","E","Valeur estimée"
"CAHD","Coût et abordabilité d’une alimentation saine
 (CoAHD)","272","Serbie","6121","Valeur","7005","Percentage of the population unable to afford a healthy diet (percent)","2017","2017","%","29","E","Valeur estimée"
"CAHD","Coût et abordabilité d’une alimentation saine
 (CoAHD)","196","Seychelles","6121","Valeur","7005","Percentage of the population unable to afford a healthy diet (percent)","2017","2017","%","8.8","E","Valeur estimée"
"CAHD","Coût et abordabilité d’une alimentation saine
 (CoAHD)","197","Sierra Leone","6121","Valeur","7005","Percentage of the population unable to afford a healthy diet (percent)","2017","2017","%","91.1","E","Valeur estimée"
"CAHD","Coût et abordabilité d’une alimentation saine
 (CoAHD)","200","Singapour","6121","Valeur","7005","Percentage of the population unable to afford a healthy diet (percent)","2017","2017","%","","O","Valeur manquante"
"CAHD","Coût et abordabilité d’une alimentation saine
 (CoAHD)","280","Sint Maarten (partie néerlandaise)","6121","Valeur","7005","Percentage of the population unable to afford a healthy diet (percent)","2017","2017","%","","O","Valeur manquante"
"CAHD","Coût et abordabilité d’une alimentation saine
 (CoAHD)","199","Slovaquie","6121","Valeur","7005","Percentage of the population unable to afford a healthy diet (percent)","2017","2017","%","2","E","Valeur estimée"
"CAHD","Coût et abordabilité d’une alimentation saine
 (CoAHD)","198","Slovénie","6121","Valeur","7005","Percentage of the population unable to afford a healthy diet (percent)","2017","2017","%","0.1","E","Valeur estimée"
"CAHD","Coût et abordabilité d’une alimentation saine
 (CoAHD)","276","Soudan","6121","Valeur","7005","Percentage of the population unable to afford a healthy diet (percent)","2017","2017","%","86.3","E","Valeur estimée"
"CAHD","Coût et abordabilité d’une alimentation saine
 (CoAHD)","38","Sri Lanka","6121","Valeur","7005","Percentage of the population unable to afford a healthy diet (percent)","2017","2017","%","52.3","E","Valeur estimée"
"CAHD","Coût et abordabilité d’une alimentation saine
 (CoAHD)","210","Suède","6121","Valeur","7005","Percentage of the population unable to afford a healthy diet (percent)","2017","2017","%","0.5","E","Valeur estimée"
"CAHD","Coût et abordabilité d’une alimentation saine
 (CoAHD)","211","Suisse","6121","Valeur","7005","Percentage of the population unable to afford a healthy diet (percent)","2017","2017","%","0","E","Valeur estimée"
"CAHD","Coût et abordabilité d’une alimentation saine
 (CoAHD)","207","Suriname","6121","Valeur","7005","Percentage of the population unable to afford a healthy diet (percent)","2017","2017","%","57.6","E","Valeur estimée"
"CAHD","Coût et abordabilité d’une alimentation saine
 (CoAHD)","208","Tadjikistan","6121","Valeur","7005","Percentage of the population unable to afford a healthy diet (percent)","2017","2017","%","42.9","E","Valeur estimée"
"CAHD","Coût et abordabilité d’une alimentation saine
 (CoAHD)","39","Tchad","6121","Valeur","7005","Percentage of the population unable to afford a healthy diet (percent)","2017","2017","%","84.9","E","Valeur estimée"
"CAHD","Coût et abordabilité d’une alimentation saine
 (CoAHD)","167","Tchéquie","6121","Valeur","7005","Percentage of the population unable to afford a healthy diet (percent)","2017","2017","%","0.4","E","Valeur estimée"
"CAHD","Coût et abordabilité d’une alimentation saine
 (CoAHD)","216","Thaïlande","6121","Valeur","7005","Percentage of the population unable to afford a healthy diet (percent)","2017","2017","%","17.5","E","Valeur estimée"
"CAHD","Coût et abordabilité d’une alimentation saine
 (CoAHD)","220","Trinité-et-Tobago","6121","Valeur","7005","Percentage of the population unable to afford a healthy diet (percent)","2017","2017","%","10.7","E","Valeur estimée"
"CAHD","Coût et abordabilité d’une alimentation saine
 (CoAHD)","222","Tunisie","6121","Valeur","7005","Percentage of the population unable to afford a healthy diet (percent)","2017","2017","%","21.8","E","Valeur estimée"
"CAHD","Coût et abordabilité d’une alimentation saine
 (CoAHD)","223","Turquie","6121","Valeur","7005","Percentage of the population unable to afford a healthy diet (percent)","2017","2017","%","6.9","E","Valeur estimée"
"CAHD","Coût et abordabilité d’une alimentation saine
 (CoAHD)","234","Uruguay","6121","Valeur","7005","Percentage of the population unable to afford a healthy diet (percent)","2017","2017","%","2.7","E","Valeur estimée"
"CAHD","Coût et abordabilité d’une alimentation saine
 (CoAHD)","237","Viet Nam","6121","Valeur","7005","Percentage of the population unable to afford a healthy diet (percent)","2017","2017","%","32.4","E","Valeur estimée"
"CAHD","Coût et abordabilité d’une alimentation saine
 (CoAHD)","251","Zambie","6121","Valeur","7005","Percentage of the population unable to afford a healthy diet (percent)","2017","2017","%","87.6","E","Valeur estimée"
"CAHD","Coût et abordabilité d’une alimentation saine
 (CoAHD)","181","Zimbabwe","6121","Valeur","7005","Percentage of the population unable to afford a healthy diet (percent)","2017","2017","%","84.1","E","Valeur estimée"
